{"episode_lengths": [83, 55, 64, 59, 79, 85, 53, 117, 88, 61], "episode_rewards": [-136.98379447964305, -201.79422041967837, -71.02123504650774, -92.78899234490372, -139.00876571410495, -258.0599091026216, -114.75051234775616, -104.5496010909491, -127.57430016662462, -140.81060442496363], "initial_reset_timestamp": 1482302382.1949365, "episode_types": ["t", "t", "t", "t", "t", "t", "t", "t", "t", "t", "t"], "timestamps": [1482302383.0156927, 1482302383.6099412, 1482302383.7476704, 1482302383.8208842, 1482302383.935438, 1482302384.0418458, 1482302384.10331, 1482302384.2733285, 1482302385.047073, 1482302385.1697078]}